State,COUNTY,FIPS_Combined,SubstanceName,DrugReports,predict_number
KY,JEFFERSON,21111,Heroin,1000,1002.5775873319997
OH,CUYAHOGA,39035,Heroin,2735,2855.8935609913
OH,HAMILTON,39061,Heroin,4525,2757.5598635185993
OH,MONTGOMERY,39113,Heroin,1504,1045.8906419512498
PA,ALLEGHENY,42003,Heroin,3400,3612.2517757378
PA,PHILADELPHIA,42101,Heroin,5075,4360.1204405383
