State,COUNTY,FIPS_Combined,SubstanceName,DrugReports,predict_number
KY,JEFFERSON,21111,Heroin,1000,2736.4728848413033
OH,CUYAHOGA,39035,Heroin,2735,2987.6305426275917
OH,HAMILTON,39061,Heroin,4525,2078.120400553622
OH,MONTGOMERY,39113,Heroin,1504,1788.1615253242871
PA,ALLEGHENY,42003,Heroin,3400,2423.42592387763
PA,PHILADELPHIA,42101,Heroin,5075,3951.0728938829825
