State,COUNTY,FIPS_Combined,SubstanceName,DrugReports,predict_number
KY,JEFFERSON,21111,Heroin,1000,977.1527013359379
OH,CUYAHOGA,39035,Heroin,2735,1687.871301882028
OH,HAMILTON,39061,Heroin,4525,1057.94920169819
OH,MONTGOMERY,39113,Heroin,1504,705.6119579353164
PA,ALLEGHENY,42003,Heroin,3400,1613.0134326374946
PA,PHILADELPHIA,42101,Heroin,5075,2012.075203691356
