,Heroin,Hydrocodone,Oxycodone,Buprenorphine,Morphine
KY,0.6671462166778708,-0.18429862666229438,-0.2915721271754409,0.26039483485281606,0.7976080813385262
OH,0.7195827103279187,0.09936278574812435,-0.5740773517661826,-0.01774380052598131,0.17253528187028902
PA,0.4437412793895864,-0.06336692955473751,0.2945601245616573,-0.22284067046257583,-0.36006398294745107
VA,-0.10464212083968327,0.23038513225494142,-0.028432457047808155,-0.005024259709962646,0.48811207797605416
WV,0.32834979520523433,0.06386402171333326,0.7510954429692478,-0.14509053281066892,0.7680610971773254
