,Heroin,Hydrocodone,Oxycodone,Buprenorphine,Morphine
KY,0.45467041844048117,-0.0566149302312024,-0.028165697835004378,-0.019320575099692656,0.267990935204781
OH,0.3030580894562284,0.04061943174956398,-0.05792189443381908,0.03488364662331533,0.007733867063410915
PA,0.15371388016638673,-0.05415530281570448,0.03689504051272621,-0.10686487702380683,-0.1281520174280327
VA,-0.007844233424835376,0.11733405225937148,0.05804548319217557,-0.0030973976635282068,0.07377804521395026
WV,-0.040129991799197254,0.07032600747793108,0.05915830946595728,0.0907007374095676,
