,Heroin,Hydrocodone,Oxycodone,Buprenorphine,Morphine
KY,0.2836793075450653,-0.03503132788138865,-0.02123665424301025,-0.1225782400747327,0.17933498930169384
OH,-0.015266902603239084,0.014859708156628995,-0.04290921051461036,-0.04291118183204653,-0.008894231161703027
PA,0.10451055221887809,-0.10779458929859898,0.018191575841321975,-0.06084075954615457,-0.0836305054677414
VA,-0.06695392491881806,0.1657644420230772,0.08684321188325149,-0.015885510162150344,0.06812450977185029
WV,0.062095845560202347,-0.007203307950312756,0.34087984170862273,0.2859448942358795,
