,Heroin,Hydrocodone,Oxycodone,Buprenorphine,Morphine
KY,0.4211974121377531,-0.1700331436987267,-0.07494251848384546,0.2191137695351738,0.5383897749787581
OH,0.09559414516161809,-0.3457248715351611,-0.8916265648654733,-0.7099686086874543,0.13373545616007682
PA,0.43064395117110954,-0.09617663228621011,0.39521127077837914,-0.2244822566424197,-0.4006706067010478
VA,-0.1085145589038541,0.31683363027493666,0.02301509564166174,-0.14117629580024052,0.6218097844539913
WV,0.4290905986168303,-0.26541324795530513,0.6736550168207314,0.45328856366254944,0.5813548099999473
